{"cameraMode":{"drawMode":0,"name":"Shaded","section":"Shading Mode"},"sceneLighting":true,"audioPlay":false,"sceneViewState":{"showFog":true,"showMaterialUpdate":false,"showSkybox":true,"showFlares":true,"showImageEffects":true,"showParticleSystems":true,"showVisualEffectGraphs":true,"m_FxEnabled":true},"in2DMode":false,"pivot":{"x":20.532625198364259,"y":20.340675354003908,"z":30.859933853149415},"rotation":{"x":0.17211006581783296,"y":-0.5082422494888306,"z":0.10410235822200775,"w":0.8375498056411743},"size":14.137526512145996,"orthographic":false}